trip_id,carrier_id,route_id,vehicle_class,service_leg_id,departed_at,execution_status,order_ids
T001,C-DEMO,ROUTE-01,CLASS-DEMO,LEG-1,2026-09-01T08:00:00+08:00,EXECUTED,ORDER-G01
T002,C-DEMO,ROUTE-02,CLASS-DEMO,LEG-1,2026-09-02T08:00:00+08:00,EXECUTED,ORDER-G02
T003,C-DEMO,ROUTE-03,CLASS-DEMO,LEG-1,2026-09-03T08:00:00+08:00,EXECUTED,ORDER-G03
T004,C-DEMO,ROUTE-04,CLASS-DEMO,LEG-1,2026-09-04T08:00:00+08:00,EXECUTED,ORDER-G04
T005,C-DEMO,ROUTE-05,CLASS-DEMO,LEG-1,2026-09-05T08:00:00+08:00,EXECUTED,ORDER-G05
T006,C-DEMO,ROUTE-06,CLASS-DEMO,LEG-1,2026-09-06T08:00:00+08:00,EXECUTED,ORDER-G06
T007,C-DEMO,ROUTE-07,CLASS-DEMO,LEG-1,2026-09-07T08:00:00+08:00,EXECUTED,ORDER-G07
T008,C-DEMO,ROUTE-08,CLASS-DEMO,LEG-1,2026-09-08T08:00:00+08:00,EXECUTED,ORDER-G08
T009,C-DEMO,ROUTE-09,CLASS-DEMO,LEG-1,2026-09-09T08:00:00+08:00,EXECUTED,ORDER-G09
